[
    { "name": "Bailey", "age": 19, "city": "Los Angeles" },
    { "name": "Carlos", "age": 20, "city": "Chicago" },
    { "name": "Daiyu", "age": 36, "city": "San Francisco" },
    { "name": "Evelyn", "age": 21, "city": "Miami" },
    { "name": "Fatemeh", "age": 29, "city": "Houston" },
    { "name": "Gustavo", "age": 21, "city": "Dallas" },
    { "name": "Hana", "age": 23, "city": "Seattle" },
    { "name": "Isabel", "age": 33, "city": "Denver" },
    { "name": "Javier", "age": 20, "city": "Phoenix" },
    { "name": "Yuan Wei", "age": 31, "city": "Chengdu" }
]
