{
  "hash": "bdd2192f",
  "configHash": "bfb4e7b5",
  "lockfileHash": "81f03f41",
  "browserHash": "5d33d9fa",
  "optimized": {
    "@angular/core": {
      "src": "../../../../../node_modules/@angular/core/fesm2022/core.mjs",
      "file": "@angular_core.js",
      "fileHash": "813d928b",
      "needsInterop": false
    },
    "@angular/platform-browser": {
      "src": "../../../../../node_modules/@angular/platform-browser/fesm2022/platform-browser.mjs",
      "file": "@angular_platform-browser.js",
      "fileHash": "719e3942",
      "needsInterop": false
    },
    "@angular/router": {
      "src": "../../../../../node_modules/@angular/router/fesm2022/router.mjs",
      "file": "@angular_router.js",
      "fileHash": "7ef0759e",
      "needsInterop": false
    },
    "@angular/common": {
      "src": "../../../../../node_modules/@angular/common/fesm2022/common.mjs",
      "file": "@angular_common.js",
      "fileHash": "eebe2543",
      "needsInterop": false
    }
  },
  "chunks": {
    "chunk-53SZ337O": {
      "file": "chunk-53SZ337O.js"
    },
    "chunk-55FTOU6V": {
      "file": "chunk-55FTOU6V.js"
    },
    "chunk-4TZND4QJ": {
      "file": "chunk-4TZND4QJ.js"
    }
  }
}